,Residue,X,Y,Z
0,35,-42.964625,-20.07875,-11.460875
1,36,-45.960857142857144,-16.854285714285716,-8.991142857142858
2,37,-49.446749999999994,-19.7265,-7.67725
3,38,-51.977000000000004,-18.91,-10.711333333333334
4,39,-54.18016666666667,-18.575666666666667,-7.604833333333333
5,40,-51.189818181818175,-15.373999999999997,-3.907454545454546
6,41,-50.63318181818182,-14.948636363636364,-11.336
7,42,-55.84111111111111,-14.802222222222222,-10.514333333333333
8,43,-57.31657142857143,-13.56192857142857,-4.385785714285714
9,44,-51.937374999999996,-10.312875,-6.198375
10,45,-54.997,-9.562222222222221,-11.038888888888888
11,46,-58.12242857142858,-8.536285714285714,-7.527
12,47,-56.04725,-5.8847499999999995,-5.35175
13,48,-52.90220000000001,-4.712899999999999,-7.544000000000001
14,49,-58.052200000000006,-3.1844,-8.7518
15,50,-59.42142857142857,-2.588285714285714,-5.134571428571428
16,51,-54.65536363636364,-1.7671818181818182,-4.052272727272728
17,52,-56.81,1.6572,-8.4536
18,53,-60.778625,1.9626249999999998,-7.78375
19,54,-58.986250000000005,4.361,-4.9662500000000005
20,55,-60.861272727272734,8.101545454545455,-2.3095454545454546
21,56,-56.551249999999996,8.03725,-0.36175
22,57,-52.88333333333333,9.445,-3.2998333333333334
23,58,-49.13566666666666,8.901000000000002,-2.0290000000000004
24,59,-46.273799999999994,11.018799999999999,-2.5368
25,60,-43.891375000000004,9.035000000000002,-5.182875
26,61,-40.03,10.771125000000001,-5.10825
27,62,-40.452999999999996,8.546428571428573,-9.716857142857142
28,63,-37.609,9.786888888888889,-13.876555555555555
29,64,-41.67076923076923,5.778153846153847,-15.818076923076925
30,65,-38.1535,6.817,-18.958125000000003
31,66,-43.13483333333334,3.503666666666667,-21.934416666666664
32,67,-41.175000000000004,4.094714285714286,-25.23428571428571
33,68,-43.156,7.2086,-27.6618
34,69,-43.17,7.941625,-31.341874999999998
35,70,-39.20875,7.391249999999999,-31.446
36,71,-39.61025,8.61,-28.61925
37,72,-37.9795,8.894874999999999,-24.557625
38,73,-43.42536363636364,10.351454545454546,-23.357000000000003
39,74,-41.24425,11.20325,-19.1425
40,75,-44.080999999999996,9.393416666666667,-17.596083333333336
41,76,-41.09742857142857,13.059142857142856,-13.136
42,77,-44.034000000000006,12.1972,-9.837200000000001
43,78,-39.91975,15.960375,-7.930625
44,79,-40.3704,16.923000000000002,-3.686
45,80,-40.06375,21.554125,-3.3305
46,81,-37.23522222222222,20.437888888888892,0.6662222222222223
47,82,-41.349,23.67957142857143,2.310142857142857
48,83,-39.8095,26.830250000000003,5.0360000000000005
49,84,-41.38175,23.402749999999997,8.109250000000001
50,85,-41.2025,20.4775,6.32975
51,86,-42.72375,20.2895,3.911
52,87,-42.41029999999999,18.157899999999998,1.1503
53,88,-44.85000000000001,21.714875,-2.8225000000000002
54,89,-46.126,17.878333333333334,-5.039499999999999
55,90,-44.16866666666667,18.045833333333338,-8.626333333333333
56,91,-45.76983333333334,16.448166666666665,-11.822833333333334
57,92,-41.87109090909091,16.506727272727275,-14.594000000000001
58,93,-44.79942857142857,14.953285714285714,-18.82085714285714
59,94,-40.82742857142857,14.98257142857143,-20.758714285714287
60,95,-41.326857142857136,14.390714285714287,-25.040999999999997
61,96,-36.97675,13.595166666666666,-23.437249999999995
62,97,-39.23372727272727,14.74809090909091,-29.79918181818182
63,98,-33.741166666666665,12.925500000000001,-31.99066666666667
64,99,-31.59633333333333,17.026555555555557,-33.23244444444445
65,100,-29.74233333333333,11.256444444444446,-35.39633333333333
66,101,-32.85842857142857,12.459857142857144,-39.29042857142857
67,102,-30.362857142857145,9.436714285714285,-40.83557142857143
68,103,-30.186,6.39225,-38.3105
69,104,-30.5795,2.8396250000000003,-37.014625
70,105,-31.469249999999995,5.537125,-32.4235
71,106,-30.580333333333336,0.4114444444444445,-30.200444444444443
72,107,-35.47275,3.05275,-28.580625
73,108,-35.311142857142855,2.552571428571429,-24.905285714285714
74,109,-37.58825,0.7857500000000001,-22.662
75,110,-40.08525,0.48937500000000006,-19.403125
76,111,-35.8483,3.2969,-18.2768
77,112,-38.14883333333333,3.4453333333333327,-13.334583333333335
78,113,-33.74014285714286,7.596428571428572,-13.571714285714283
79,114,-31.961333333333332,7.495,-9.858333333333333
80,115,-32.3715,11.6685,-10.572
81,116,-28.845684210526322,12.548684210526316,-3.9595263157894736
82,117,-30.538125,18.1385,-7.657250000000001
83,118,-27.583333333333332,18.202,-3.741222222222222
84,119,-28.918727272727278,25.009000000000004,-4.228363636363635
85,120,-23.3635,22.999125000000003,-3.8395
86,121,-22.434888888888892,27.74311111111111,-3.9474444444444448
87,122,-27.13066666666667,30.383555555555557,-2.367555555555556
88,123,-25.882166666666667,34.30916666666666,-3.7746666666666666
89,124,-28.0505,37.58225,-1.779625
90,125,-31.724250000000005,37.532375,-3.481625
91,126,-31.53833333333333,32.58811111111111,-5.417444444444445
92,127,-28.650999999999996,36.7115,-8.724875
93,128,-23.89054545454546,32.22881818181818,-8.280545454545456
94,129,-26.867428571428572,28.962857142857143,-8.35357142857143
95,130,-23.784857142857142,26.078142857142858,-7.514428571428572
96,131,-27.206777777777777,23.025000000000002,-9.643666666666668
97,132,-23.783090909090905,17.86727272727273,-6.5648181818181826
98,133,-27.69355555555556,15.651777777777776,-11.210888888888888
99,134,-25.289099999999998,10.9302,-9.0482
100,135,-27.7238,10.066400000000002,-12.492799999999999
101,136,-28.325285714285716,6.093571428571429,-12.34842857142857
102,137,-30.3076,4.0984,-14.9846
103,138,-32.315777777777775,1.6992222222222226,-12.353777777777777
104,139,-32.98090909090909,-3.7317272727272726,-15.920818181818184
105,140,-37.13742857142857,-2.678428571428572,-14.676428571428573
106,141,-36.47725,-5.07825,-17.8655
107,142,-35.756875,-7.440999999999999,-21.144625
108,143,-36.953,-3.9695000000000005,-23.643499999999996
109,144,-37.1535,-2.8305,-26.457250000000002
110,145,-33.6845,-2.7887500000000003,-27.19175
111,146,-33.46225,-5.87475,-25.667
112,147,-30.4425,-5.57225,-23.807250000000003
113,148,-28.251285714285718,-4.596000000000001,-26.38571428571429
114,149,-26.961750000000002,-1.43075,-26.474
115,150,-26.532249999999998,0.7394999999999999,-28.880499999999998
116,151,-23.938333333333333,2.764,-29.638666666666666
117,152,-19.405625,4.322875,-27.548124999999995
118,153,-21.008625,8.571375,-29.223375
119,154,-16.892666666666667,9.151666666666666,-29.958166666666667
120,155,-18.735999999999997,12.823625,-30.193
121,156,-19.92725,11.783125,-25.495499999999996
122,157,-15.101000000000003,12.872888888888891,-24.871111111111116
123,158,-14.20077777777778,9.945555555555554,-19.77177777777778
124,159,-14.46,14.768374999999999,-18.972125
125,160,-18.19025,16.86,-21.776875
126,161,-16.93345454545455,22.258454545454548,-21.752545454545455
127,162,-22.42969230769231,21.959692307692308,-19.402923076923077
128,163,-21.904999999999998,26.667666666666662,-22.97755555555556
129,164,-26.926636363636366,27.064272727272726,-19.964545454545455
130,165,-29.286857142857148,30.070857142857143,-22.250857142857143
131,166,-33.054874999999996,29.59525,-18.89175
132,167,-35.23233333333334,32.83500000000001,-22.055
133,168,-38.674,33.763,-19.181250000000002
134,169,-41.988,33.70183333333333,-17.442833333333333
135,170,-42.76914285714286,33.013714285714286,-13.444857142857142
136,171,-46.68837499999999,34.53375,-12.174499999999998
137,172,-44.9075,37.49725,-15.64175
138,173,-40.6363,38.44959999999999,-13.4322
139,174,-40.13933333333333,38.260111111111115,-18.27433333333333
140,175,-36.40181818181818,34.697272727272725,-16.225636363636365
141,176,-31.79644444444444,35.74766666666667,-19.881
142,177,-30.3925,32.53966666666667,-16.979
143,178,-26.326285714285714,32.43514285714286,-18.051
144,179,-24.21,29.09175,-17.74425
145,180,-20.236,27.452555555555556,-16.38122222222222
146,181,-20.04875,23.38575,-16.82075
147,182,-18.218444444444444,20.734444444444442,-15.173222222222222
148,183,-18.704250000000002,16.2945,-16.512999999999998
149,184,-18.083000000000002,12.821500000000002,-15.573125000000001
150,185,-20.938,11.690285714285716,-19.02057142857143
151,186,-19.864833333333333,7.777833333333334,-20.279833333333332
152,187,-19.741875,7.952,-14.060125000000001
153,188,-23.6775,10.927,-13.68625
154,189,-21.477571428571427,13.218857142857143,-12.509285714285715
155,190,-24.052666666666667,17.25011111111111,-13.838555555555555
156,191,-21.460857142857144,20.867285714285718,-11.702
157,192,-24.941076923076928,23.683153846153843,-14.104076923076924
158,193,-20.58390909090909,26.799818181818186,-12.604363636363637
159,194,-26.638749999999998,29.2535,-12.75125
160,195,-24.602999999999998,34.047999999999995,-13.672222222222224
161,196,-29.937142857142856,35.80814285714286,-12.791857142857143
162,197,-28.314375,37.82675,-16.894750000000002
163,198,-32.105777777777774,39.480555555555554,-17.997
164,199,-34.87775,39.98375,-13.40275
165,200,-33.390750000000004,40.40425,-10.902249999999999
166,201,-34.202,39.931571428571424,-7.762428571428571
167,202,-35.91475,35.8215,-9.329250000000002
168,203,-39.992571428571424,37.047142857142866,-7.7222857142857135
169,204,-39.210181818181816,33.041181818181826,-9.072818181818182
170,205,-37.9998,29.9822,-6.3656
171,206,-33.15118181818182,28.93918181818182,-9.215181818181817
172,207,-35.61975,25.336625,-6.344375
173,208,-39.18475,26.469625,-10.066749999999999
174,209,-35.75025,27.163124999999997,-12.738375
175,210,-33.3636,23.217000000000002,-11.461599999999999
176,211,-35.065285714285714,20.50671428571429,-13.502
177,212,-35.0155,23.273833333333332,-16.733166666666666
178,217,-28.570499999999996,17.34266666666667,-18.31266666666667
179,218,-31.68881818181818,13.604545454545455,-19.27718181818182
180,219,-25.869142857142855,13.56442857142857,-21.669428571428572
181,220,-24.132454545454546,14.690363636363639,-18.014454545454544
182,221,-27.821125,9.69775,-17.315375000000003
183,222,-24.409333333333336,5.273444444444444,-14.903111111111109
184,223,-28.43408333333333,5.017333333333333,-19.446
185,224,-26.803857142857144,0.6384285714285713,-17.861142857142855
186,225,-23.077333333333335,-1.9788888888888887,-20.89088888888889
187,226,-28.5815,-2.76525,-21.41375
188,227,-30.427875,0.43124999999999997,-20.609125000000002
189,228,-30.774857142857144,1.6288571428571428,-24.46657142857143
190,229,-28.095875,6.23775,-23.94125
191,230,-32.78,8.836,-26.924636363636367
192,231,-30.517272727272726,11.057909090909092,-24.04245454545454
193,232,-24.91811111111111,9.286,-24.566999999999997
194,233,-27.706777777777777,6.642444444444445,-29.329777777777775
195,234,-28.181166666666666,11.87,-30.40416666666667
196,235,-24.97381818181818,13.637636363636362,-29.494272727272723
197,236,-23.775000000000002,14.747428571428571,-33.827714285714286
198,237,-27.29822222222222,15.239555555555553,-34.70733333333333
199,238,-29.132,15.59525,-30.75075
200,239,-31.24227272727273,15.973272727272729,-26.863000000000003
201,240,-35.23757142857143,18.211428571428574,-28.31657142857143
202,241,-36.35342857142857,19.134071428571428,-22.724857142857143
203,242,-41.605888888888884,19.823777777777778,-25.559444444444445
204,243,-40.25209090909091,19.248363636363635,-18.999909090909092
205,244,-45.83328571428571,19.905857142857144,-18.692285714285713
206,245,-44.573857142857136,21.083142857142857,-14.563285714285714
207,246,-49.647,20.420454545454547,-14.161272727272728
208,247,-45.524249999999995,22.65216666666667,-8.885583333333335
209,248,-49.8261111111111,19.921555555555553,-4.605888888888889
210,249,-50.06462500000001,24.760125,-5.459124999999999
211,250,-51.30225,25.08275,-9.402
212,251,-48.807,25.50075,-10.71875
213,252,-48.251285714285714,25.42814285714286,-14.550428571428572
214,253,-43.765,25.20625,-15.423625
215,254,-44.226,25.11642857142857,-20.090285714285717
216,255,-40.066857142857145,23.70157142857143,-20.60328571428571
217,256,-39.32575,24.802374999999998,-25.076875
218,257,-33.93677777777778,21.87088888888889,-24.129555555555555
219,258,-31.667125000000002,22.60825,-27.852125
220,259,-29.275714285714287,19.509714285714285,-26.488000000000003
221,260,-26.429666666666666,21.065833333333334,-28.9415
222,261,-22.041,19.095,-29.751625
223,262,-21.664666666666665,23.92966666666667,-30.35311111111111
224,263,-16.739875,23.268,-31.114875000000005
225,264,-17.11375,19.83025,-27.643250000000002
226,265,-19.427666666666667,22.013666666666666,-25.897166666666667
227,266,-22.737375000000004,20.048875,-24.288375
228,267,-25.024714285714285,23.983857142857143,-26.06228571428571
229,268,-27.606250000000003,22.461000000000002,-22.365
230,269,-30.490999999999996,27.400100000000002,-25.9078
231,270,-34.261,27.221600000000002,-22.3062
232,271,-37.80188888888889,28.914666666666662,-24.220777777777776
233,272,-39.491,29.020714285714288,-19.065714285714286
234,273,-45.806363636363635,30.381818181818186,-19.729636363636363
235,274,-45.163,30.258250000000004,-15.5855
236,275,-48.75414285714286,30.127285714285712,-14.81942857142857
237,276,-52.080769230769235,29.259692307692305,-11.332846153846154
238,277,-46.84245454545454,29.25227272727273,-9.46018181818182
239,278,-49.69171428571428,30.43585714285714,-5.371857142857143
240,279,-49.02583333333334,34.89816666666666,-4.189
241,280,-49.58275,33.811125000000004,-0.40149999999999997
242,281,-46.70775,30.61925,-1.6255000000000002
243,282,-43.491200000000006,28.8798,-1.32
244,283,-42.60857142857143,29.420142857142856,-5.117285714285714
245,284,-44.068625,33.488375,-5.59025
246,285,-43.494,34.218111111111114,-0.4716666666666667
247,286,-38.07044444444445,33.16611111111112,-2.335888888888889
248,287,-41.217666666666666,30.393555555555558,2.1301111111111113
249,288,-38.02542857142857,26.846000000000004,-1.1572857142857143
250,289,-35.45755555555556,24.207555555555555,2.425555555555556
251,290,-35.17,21.9015,-2.18625
252,291,-36.56942857142858,19.85692857142857,-5.914428571428572
253,292,-36.30166666666667,15.373555555555555,-1.426111111111111
254,293,-34.15114285714286,12.590285714285715,-3.430142857142857
255,294,-35.61085714285714,10.922142857142857,-7.590571428571429
256,295,-33.443363636363635,7.013454545454544,-4.0649999999999995
257,296,-39.01625000000001,5.916625000000001,-5.496875
258,297,-37.73799999999999,1.750111111111111,-8.668333333333333
259,298,-41.95825,-0.21787499999999999,-9.763125
260,299,-40.187571428571424,-4.299142857142857,-9.417285714285715
261,300,-39.144222222222226,-7.218555555555556,-13.890777777777778
262,301,-42.49255555555556,-9.612,-10.055
263,302,-44.11877777777778,-4.386333333333333,-8.799999999999999
264,303,-43.995875,-3.768375,-14.10475
265,304,-46.01039999999999,-7.809,-14.360399999999998
266,305,-47.986,-7.95711111111111,-10.383333333333335
267,306,-48.903,-3.2319090909090913,-11.394
268,307,-49.71166666666667,-5.907444444444445,-18.352
269,308,-51.71444444444444,-9.735111111111111,-14.962555555555554
270,309,-54.354600000000005,-5.4514000000000005,-13.8606
271,310,-53.92909090909091,-1.9940909090909094,-18.039454545454547
272,311,-55.88933333333333,-6.246333333333332,-18.637
273,312,-58.67675,-6.5755,-15.395000000000001
274,313,-58.909818181818174,-1.6220909090909088,-15.384272727272728
275,314,-57.541000000000004,-2.88725,-21.646375
276,315,-62.065777777777775,-5.304777777777778,-20.538777777777778
277,316,-60.1935,-3.0011249999999996,-25.7305
278,317,-56.83325,-4.429250000000001,-25.915999999999997
279,318,-56.347625,-0.47212499999999996,-26.570875
280,319,-53.714,0.48175,-24.2825
281,320,-56.33171428571428,2.8612857142857147,-23.459714285714288
282,321,-57.904875000000004,2.882125,-19.214750000000002
283,322,-61.58685714285715,4.244000000000001,-21.44942857142857
284,323,-64.03357142857143,6.778428571428572,-18.919999999999998
285,324,-66.376,2.5604444444444443,-21.46122222222222
286,325,-62.72655555555556,0.38555555555555565,-19.903666666666666
287,326,-62.577875000000006,3.307875,-14.578750000000001
288,327,-66.6685,2.1247499999999997,-14.57
289,328,-67.04171428571428,-1.4164285714285716,-15.865142857142857
290,329,-63.89528571428571,-1.9902857142857144,-12.94757142857143
291,330,-65.4725,1.607625,-10.28325
292,331,-70.12427272727273,-0.37190909090909074,-13.410272727272728
293,332,-67.76233333333333,-4.782500000000001,-10.847166666666666
294,333,-65.267125,-3.58425,-7.7097500000000005
295,334,-69.55475000000001,-1.33175,-6.5497499999999995
296,335,-67.81511111111111,1.9281111111111113,-6.575333333333332
297,336,-72.51512500000001,4.351875,-7.723999999999999
298,337,-69.11157142857142,6.234714285714285,-10.295285714285713
299,338,-69.89828571428572,10.376571428571427,-11.634
300,339,-68.40577777777777,11.233888888888892,-16.399999999999995
301,340,-67.6246,13.913,-12.133199999999999
302,341,-66.58355555555555,11.107000000000001,-9.463666666666667
303,342,-64.839375,8.41925,-13.944125000000001
304,343,-63.660333333333334,13.203555555555555,-16.08611111111111
305,344,-61.92212499999999,14.026750000000002,-11.062375
306,345,-60.3665,9.168625,-10.857624999999999
307,346,-58.6695,9.80225,-15.567749999999998
308,347,-56.91825,14.849000000000002,-14.325375000000001
309,348,-55.71966666666666,12.646888888888888,-9.828333333333335
310,349,-53.17014285714286,9.950714285714286,-13.465428571428573
311,350,-53.94425,12.393999999999998,-17.9475
312,351,-49.988000000000014,13.249799999999999,-18.0216
313,352,-51.10374999999999,12.99325,-21.893125000000005
314,353,-54.655,14.8025,-21.61475
315,354,-55.669375,11.764,-23.788500000000003
316,355,-58.472,10.992499999999998,-21.350500000000004
317,356,-57.046285714285716,7.9957142857142856,-21.61185714285714
318,357,-55.353874999999995,5.5806249999999995,-18.046999999999997
319,358,-51.188125,4.8782499999999995,-20.536875000000002
320,359,-48.71690909090909,0.09663636363636394,-18.493545454545455
321,360,-47.31671428571428,4.269142857142857,-18.585857142857144
322,361,-50.56088888888888,7.243222222222221,-17.326
323,362,-52.12990909090909,1.5161818181818185,-14.131909090909092
324,363,-47.115500000000004,1.9602499999999998,-13.809124999999998
325,364,-47.2035,6.5705,-11.937125
326,365,-52.25362500000001,5.07275,-10.398625
327,366,-50.650625000000005,1.4471250000000002,-8.853625
328,367,-47.0262,3.7181999999999995,-6.9412
329,368,-49.58645454545455,8.45890909090909,-6.6120909090909095
330,369,-52.663111111111114,4.019777777777778,-5.041222222222222
331,376,-59.71666666666666,-1.1291111111111112,7.240444444444445
332,377,-61.876888888888885,2.026111111111111,5.471777777777778
333,378,-61.495888888888885,1.3115555555555554,0.4664444444444445
334,379,-60.671749999999996,-3.9591250000000002,2.0934999999999997
335,380,-64.23581818181817,-3.937181818181818,6.33609090909091
336,381,-66.68111111111111,-0.8954444444444444,0.5131111111111111
337,382,-64.8964,-5.3522,-1.2449999999999999
338,383,-66.07363636363635,-9.292454545454547,2.239727272727273
339,384,-69.96709090909091,-4.570909090909091,2.933363636363636
340,385,-69.10214285714285,-6.453571428571428,-3.259285714285714
341,386,-66.00909090909092,-9.937454545454546,-3.680727272727273
342,387,-70.794375,-11.492500000000001,0.664
343,388,-74.73822222222222,-11.291222222222222,-3.835444444444444
344,389,-75.36449999999999,-13.714374999999999,0.7230000000000001
345,390,-74.2085,-11.51925,3.67225
346,391,-72.970375,-15.2065,4.654250000000001
347,392,-69.4765,-13.69725,5.6485
348,393,-68.52725,-16.990333333333336,5.484249999999999
349,394,-66.51925,-15.15975,-0.39087500000000003
350,395,-68.66333333333334,-18.427500000000002,-2.4928333333333335
351,396,-67.1978,-20.0036,-5.5001999999999995
352,397,-70.14020000000001,-18.523400000000002,-6.832800000000001
353,398,-70.27000000000001,-15.17622222222222,-4.017
354,399,-64.93350000000001,-15.424375,-6.5478749999999994
355,400,-68.44336363636363,-18.236818181818183,-10.778727272727274
356,401,-70.7758,-12.636,-10.274799999999999
357,402,-66.59828571428571,-10.682571428571427,-9.179285714285713
358,403,-63.169625,-12.56175,-11.155249999999999
359,404,-66.78757142857143,-12.966142857142858,-14.710857142857142
360,405,-68.401375,-9.225750000000001,-13.697250000000002
361,406,-63.413,-7.895125,-13.12625
362,407,-62.764250000000004,-10.0955,-17.11825
363,408,-60.20711111111112,-12.791,-15.401111111111113
364,409,-60.28488888888889,-14.96888888888889,-20.052666666666667
365,410,-61.391625,-18.055999999999997,-14.825
366,411,-61.610285714285716,-22.233,-15.241857142857143
367,412,-65.274,-23.02825,-12.831249999999999
368,413,-60.05800000000001,-25.988555555555553,-11.900333333333332
369,414,-58.70388888888889,-21.298555555555552,-12.667333333333334
370,415,-62.680857142857135,-20.121142857142853,-8.997714285714286
371,416,-62.479749999999996,-23.775499999999997,-6.882874999999999
372,417,-57.29911111111111,-23.401111111111113,-8.032555555555556
373,418,-58.863249999999994,-17.966124999999998,-6.2456249999999995
374,419,-61.552,-20.358249999999998,-2.691625
375,420,-58.15381818181818,-24.671727272727274,-2.7664545454545455
376,421,-54.23711111111111,-19.650111111111112,-1.919888888888889
377,422,-57.706999999999994,-18.2112,0.8384
378,423,-59.6425,-21.749624999999998,2.908375
379,424,-56.251875,-20.896875,6.340125
380,425,-60.5125,-22.24025,7.7441249999999995
381,426,-61.13525,-25.25925,5.42
382,427,-64.5985,-23.31325,5.311625
383,428,-64.73925,-23.45275,1.312
384,429,-66.68244444444446,-20.50888888888889,2.2351111111111113
385,430,-63.39357142857143,-16.53542857142857,1.8239999999999998
386,431,-63.111250000000005,-15.21225,6.1948750000000015
387,432,-62.57750000000001,-9.147083333333333,6.5185
388,433,-60.40288888888889,-12.754555555555555,8.507777777777777
389,434,-59.557,-15.979111111111113,4.770999999999999
390,435,-60.89490909090909,-10.463090909090907,1.0284545454545453
391,436,-57.451428571428565,-9.053857142857144,4.365857142857143
392,437,-54.20733333333333,-11.83411111111111,4.663333333333333
393,438,-55.17575,-13.014875,-0.344875
394,439,-56.90525,-8.232125000000002,-1.3435000000000001
395,440,-53.169857142857154,-7.1562857142857155,1.882
